2023-11-28 01:15:46.458696,The image shows a <b>person</b> sitting indoors, likely in a room or an office space. They have <b>dark hair</b> and are wearing what appears to be a <b>black shirt</b>. The individual is resting their chin on their hand, perhaps in a pensive or thoughtful pose. The background reveals a partially open <b>closet</b> with some items inside, including <b>clothing</b> on hangers and shelving.

<br><b>Objects:</b>
<br>- <b>Person</b>
<br>- <b>Dark hair</b>
<br>- <b>Black shirt</b>
<br>- <b>Closet</b>
<br>- <b>Clothing</b>
2023-11-28 01:16:01.712220,The image shows a <b>person</b> looking directly at the camera with a neutral expression. The person appears to have <b>dark hair</b> and is wearing what might be a <b>dark-colored top</b>. Behind the person, there seems to be an <b>open closet</b> with <b>clothing</b> hanging inside it. The environment suggests an indoor setting, possibly a <b>room</b>. The lighting in the room is not very bright, casting soft shadows on the person’s face and surroundings.

<br><b>Objects:</b>
<br>- <b>Person</b>
<br>- <b>Dark hair</b>
<br>- <b>Dark-colored top</b>
<br>- <b>Open closet</b>
<br>- <b>Clothing</b>
<br>- <b>Room</b>
2023-11-28 01:19:47.608023,The image shows a <b>person</b> with <b>dark hair</b>. They are in a room that has a <b>wardrobe</b> or <b>closet</b> with clothes visible in the background. The <b>walls</b> of the room appear to be a light color, possibly white. The person is wearing a <b>dark-colored hoodie</b> and has a neutral expression on their face.

<br><b>Objects:</b>
<br><b>Person</b>
<br><b>Dark hair</b>
<br><b>Wardrobe/Closet</b>
<br><b>Walls</b>
<br><b>Dark-colored hoodie</b>
2023-11-28 01:19:47.839816,The image shows a <b>person</b> leaning forward with their <b>head</b> tilted slightly downward and their hand is raised as if they are perhaps mid-gesture or holding something at the back of their neck. The individual has <b>dark hair</b>. In the background, there's a <b>room</b> with a neutral-colored wall and what appears to be a black <b>clothing rack</b> with items hanging on it.

<br><b>Objects:</b>
<br>- <b>Person</b>
<br>- <b>Head</b>
<br>- <b>Dark hair</b>
<br>- <b>Room</b>
<br>- <b>Clothing rack</b>
2023-11-28 01:19:48.315114,The image shows a <b>person</b> looking directly at the camera with a slightly tilted head. They have <b>dark hair</b> that falls over their forehead and <b>dark eyes</b>. The individual appears to be wearing a <b>dark-colored top</b>. In the background, there's a <b>clothes rack</b> holding various <b>items of clothing</b>, and it appears to be placed in a room with <b>walls</b> that have a neutral or light tone.

<br><b>Objects:</b>
<br><b>Person</b>
<br><b>Dark hair</b>
<br><b>Dark eyes</b>
<br><b>Dark-colored top</b>
<br><b>Clothes rack</b>
<br><b>Items of clothing</b>
<br><b>Walls</b>
2023-11-28 01:19:48.573374,The image shows a <b>person</b> with <b>dark hair</b> looking towards the camera. The individual appears to have a <b>wearable</b> on their wrist, possibly a watch or bracelet. They are in a room with a <b>light fixture</b> visible on the ceiling, which is turned off. Behind the person, there is a <b>clothes rack</b> with several items of clothing hanging from it, and what might be a <b>door</b> or a tall <b>mirror</b> reflecting part of the room.

<br><b>Objects:</b>
<br><b>Person</b>
<br><b>Dark hair</b>
<br><b>Wearable</b>
<br><b>Light fixture</b>
<br><b>Clothes rack</b>
<br><b>Door or mirror</b>
2023-11-28 01:19:48.665977,The image shows a <b>person</b> with <b>dark hair</b>. They are inside a room, and there is a <b>door</b> partially visible in the background with some <b>clothes</b> hanging on it. The person is raising their <b>hand</b> to their ear, perhaps adjusting something or posing for the photo. The lighting in the room is dim, and the background appears to be a <b>neutral-colored wall</b>. The <b>expression</b> on the person's face is somewhat neutral or pensive.

<br><b>Objects:</b>
<br><b>Person</b>
<br><b>Dark hair</b>
<br><b>Door</b>
<br><b>Clothes</b>
<br><b>Hand</b>
<br><b>Neutral-colored wall</b>
<br><b>Expression</b>
2023-11-28 01:19:48.844226,The image shows a <b>person</b> with a <b>short hairstyle</b>, looking directly at the camera with a subtle smile. They seem to be indoors, and there is a <b>closet</b> with <b>clothes</b> hanging in the background, suggesting this might be a bedroom or a space with a storage area. The <b>room</b> has a <b>light-colored ceiling</b>, and part of a <b>black chair</b> or furniture is visible behind the person. The lighting in the room appears to be artificial, possibly coming from a ceiling fixture.

<br><b>Objects:</b>
<br><b>Person</b>
<br><b>Short hairstyle</b>
<br><b>Closet</b>
<br><b>Clothes</b>
<br><b>Room</b>
<br><b>Light-colored ceiling</b>
<br><b>Black chair</b> or <b>furniture</b>
2023-11-28 01:19:48.926124,The image shows a <b>person</b> sitting in what appears to be an indoor environment. The individual has a <b>neutral expression</b> and is looking directly at the camera. They have <b>dark hair</b> that is styled to the front and are wearing a <b>dark-colored top</b>. Behind the person, there is a partially visible <b>clothes rack</b> with items of clothing hung on it, suggesting this might be a bedroom or a dressing area. The room appears to be lit by artificial lighting. The walls of the room are painted in a light color, not entirely discernible due to the image's framing and lighting.

<br><b>Objects:</b>
<br><b>Person</b>
<br><b>Neutral expression</b>
<br><b>Dark hair</b>
<br><b>Dark-colored top</b>
<br><b>Clothes rack</b>
2023-11-28 01:19:49.048956,The image shows a <b>person</b> from a close-up and slightly elevated angle, suggesting the photo might have been taken with a webcam or a similar device. The individual appears to have medium-length <b>dark hair</b> and is looking downwards, which obscures a clear view of their eyes. They are resting their <b>hand</b> against the back of their head or neck. In the background, there is a <b>wardrobe</b> with clothes hanging inside, indicating the photo was likely taken in a personal room or bedroom. The lighting in the room is artificial, with the main source of light appearing to be a <b>ceiling lamp</b>.

<br><b>Objects:</b>
<br><b>Person</b>
<br><b>Dark hair</b>
<br><b>Hand</b>
<br><b>Wardrobe</b>
<br><b>Ceiling lamp</b>
2023-11-28 01:19:49.445489,The image shows a <b>person</b> with medium-length <b>hair</b>, resting their <b>head</b> on their <b>hand</b>. They have a thoughtful or tired expression. The person appears to be indoors, and there's a <b>closet</b> behind them with <b>clothes</b> on hangers and a partially closed <b>door</b>. The room's walls are plain and of a light color, suggesting a simple, unadorned <b>interior</b>.

<br><b>Objects:</b>
<br><b>Person</b>
<br><b>Hair</b>
<br><b>Head</b>
<br><b>Hand</b>
<br><b>Closet</b>
<br><b>Clothes</b>
<br><b>Door</b>
<br><b>Interior</b>
2023-11-28 01:20:05.879110,The image shows a <b>person</b> sitting indoors. The individual appears to be a <b>young adult</b> with <b>dark hair</b>, resting one hand on their <b>face</b>. They are wearing a <b>dark-colored sweatshirt</b>. In the background, there is an <b>open closet</b> with clothes hanging, and what looks to be a <b>ceiling light</b> illuminating the room.

<br><b>Objects:</b>
<br><b>Person</b>
<br><b>Young adult</b>
<br><b>Dark hair</b>
<br><b>Face</b>
<br><b>Dark-colored sweatshirt</b>
<br><b>Open closet</b>
<br><b>Ceiling light</b>
2023-11-28 01:20:18.225553,The image shows a <b>person</b> up close to the camera, primarily showcasing the top of their head with <b>dark hair</b>. The <b>lighting</b> in the room appears to be dim, and part of a <b>ceiling</b> with a <b>textured surface</b> is visible. The person's face is mostly obscured, but we can see that they are wearing what appears to be a <b>headphone</b> or <b>headset</b>. In the background, there is a <b>clothes hanger</b> with visible <b>clothing</b> items.

<br><b>Objects:</b>
<br><b>Person</b>
<br><b>Dark hair</b>
<br><b>Lighting</b>
<br><b>Ceiling</b>
<br><b>Textured surface</b>
<br><b>Headphone/Headset</b>
<br><b>Clothes hanger</b>
<br><b>Clothing</b>
2023-11-28 01:20:38.081633,The image shows the top half of a <b>person's</b> face and head as they lean forward, with a focus on their <b>hair</b> covering most of their face. Only the person's eyes and forehead are clearly visible. The individual appears to be indoors, with a <b>light</b> on the ceiling in the background. There is a <b>closet</b> with an open <b>door</b> and some articles of <b>clothing</b> hanging inside it. The room's walls are a neutral color, although not much of them is visible due to the angle of the shot.

<br><b>Objects:</b>
<br>- <b>Person</b>
<br>- <b>Hair</b>
<br>- <b>Light</b>
<br>- <b>Closet</b>
<br>- <b>Door</b>
<br>- <b>Clothing</b>
2023-11-28 01:20:58.521431,The image shows a <b>person</b> holding what seems to be a <b>camera</b> or phone, taking a selfie. The <b>person</b> has <b>dark hair</b> and is wearing a <b>dark-colored shirt</b>. In the background, there is a <b>closet</b> with <b>clothes</b> hanging and the <b>interior</b> of a room with plain <b>walls</b>. The lighting in the room appears to be <b>artificial</b>, with the source not directly visible in the image.

<br><b>Objects:</b>
<br>- <b>Person</b>
<br>- <b>Camera</b> or phone
<br>- <b>Dark hair</b>
<br>- <b>Dark-colored shirt</b>
<br>- <b>Closet</b>
<br>- <b>Clothes</b>
<br>- <b>Interior</b> of a room
<br>- <b>Walls</b>
<br>- <b>Artificial lighting</b>
2023-11-28 01:21:18.017357,The image shows a <b>person</b> with dark hair sitting indoors. The individual is resting their head on their hand with a somewhat tired or displeased expression. The lighting is dim, and the background is quite plain, consisting of what looks like a <b>wall</b> with a <b>doorway</b> and some hanging <b>clothes</b>. The overall quality of the image is grainy, indicating it might have been taken with a low-resolution camera or in low light conditions.

<br><b>Objects:</b>
<br><b>Person</b>
<br><b>Wall</b>
<br><b>Doorway</b>
<br><b>Clothes</b>
2023-11-28 01:22:16.720489,The image shows a <b>person</b> in what appears to be a room with <b>clothing racks</b>. The individual is holding a <b>VR headset</b> to their face with both hands, implying they might be about to use it or having just finished using it. The person is wearing a long sleeve <b>blue top</b> and there's a white <b>exit sign</b> in the background above a doorway, indicating this might be a commercial or public space.

<br><b>Objects:</b>
<br><b>Person</b>
<br><b>Clothing racks</b>
<br><b>VR headset</b>
<br><b>Blue top</b>
<br><b>Exit sign</b>
2023-11-28 01:22:40.862432,The image shows a <b>young person</b> with <b>dark hair</b>. They appear to be indoors, possibly in a room that serves as a <b>closet</b> or dressing area. The room has <b>white walls</b> and there's a <b>mirror</b> directly behind them, reflecting the interior of the room. The individual is wearing a <b>dark-colored top</b>, and behind them, you can see <b>clothing items</b> on hangers and a <b>shelving unit</b> with various items, indicating storage or organizational space. The <b>ceiling light</b> is visible at the top of the frame and provides illumination to the room.

<br><b>Objects:</b>
<br><b>Young person</b>
<br><b>Dark hair</b>
<br><b>Closet</b>
<br><b>Dark-colored top</b>
<br><b>White walls</b>
<br><b>Mirror</b>
<br><b>Clothing items</b>
<br><b>Shelving unit</b>
<br><b>Ceiling light</b>
2023-11-28 01:22:56.941490,The image shows a <b>person</b> indoors, likely in a room, with their arms raised and hands clasped together above their head. The <b>individual</b> has a somewhat serious or focused expression. Behind the <b>person</b>, there is what appears to be an open <b>wardrobe</b> or closet with <b>clothes</b> hanging on the rack and possibly some items on the top shelf. The ceiling is visible at the top of the image, showing a <b>ceiling fixture</b>. The walls are plain with a light color, and the lighting in the room seems to be coming from above, as indicated by the shadows cast.

<br><b>Objects:</b>
<br><b>Person</b>
<br><b>Wardrobe/Closet</b>
<br><b>Clothes</b>
<br><b>Ceiling Fixture</b>
2023-11-28 01:23:30.628800,The image shows a <b>person</b> inside a room. The individual is positioned towards the camera with their hand covering their face, which obscures their expression. They have <b>dark hair</b> and appear to be wearing a dark-colored <b>top</b>. In the background, there are <b>clothing items</b> hanging on what seems to be a <b>rack</b>. There is also an <b>open doorway</b> leading to another space, possibly an adjoining room or closet. The ceiling has a <b>ceiling light fixture</b> on and there's an <b>air vent</b> as well.

<br><b>Objects:</b>
<br><b>Person</b>
<br><b>Dark hair</b>
<br><b>Top</b>
<br><b>Clothing items</b>
<br><b>Rack</b>
<br><b>Open doorway</b>
<br><b>Ceiling light fixture</b>
<br><b>Air vent</b>
2023-11-28 14:09:50.287858,The image displays an indoor setting featuring a <b>person</b> in the foreground with her face partially visible at the bottom edge of the frame. The individual appears to have a <b>curly hairstyle</b>. In the background, there is the interior of a <b>room</b> that seems like an office or a classroom, illuminated by overhead <b>fluorescent lights</b>. One can observe <b>windows</b> with blinds, allowing daylight to come through and a glimpse of the trees outside. There are also other <b>people</b> in the room, though they are mostly out of focus and partially visible.;;<br><b>Objects:</b>;<br><b>Person</b>;<br><b>Curly hairstyle</b>;<br><b>Room</b>;<br><b>Fluorescent lights</b>;<br><b>Windows</b>;<br><b>People</b>
2023-11-28 14:10:03.703018,The image shows the top part of a person's head peeking into the frame from the bottom edge. The person appears to have a <b>headphone</b> over their head. It's a cropped image, so not much can be seen, but the headphones are quite prominent. They are wearing what looks like a furry or fluffy <b>hat</b> on their head, partially visible. Above, there are <b>ceiling lights</b> running parallel across the top of the image, illuminating an indoor space that looks like an office or a classroom with a typical drop ceiling. There is a <b>window</b> or a <b>reflection</b> in the background on the right side, showing what seems to be a glimpse of the outside or a neighboring space.;;<br><b>Objects:</b>;<br><b>Person</b>;<br><b>Headphones</b>;<br><b>Hat</b>;<br><b>Ceiling lights</b>;<br><b>Window or reflection</b>
2023-11-28 14:10:25.159217,The image shows the top of a <b>person's</b> head with what appears to be a <b>large hat</b> or hair covering most of the frame. In the background, there's a <b>ceiling</b> with <b>fluorescent lights</b>. It seems like the person might be in an <b>indoor</b> setting, possibly an <b>office</b> or a <b>classroom</b>, as suggested by the acoustic <b>ceiling tiles</b> and the nature of the lighting. The angle of the image is from a low perspective, focusing upward.;;<br><b>Objects:</b>;<br><b>Person's head</b>;<br><b>Large hat</b> or <b>hair</b>;<br><b>Ceiling</b>;<br><b>Fluorescent lights</b>;<br><b>Indoor setting</b>;<br><b>Office</b> or <b>classroom</b>;<br><b>Ceiling tiles</b>
2023-11-28 15:35:51.893463,The image shows three people. In the foreground, there is a <b>young man</b> with fluffy hair looking towards the camera with a slight smile. He is wearing a dark-colored <b>hoodie</b>. Behind him, slightly to the left, is a <b>young woman</b> who is sitting down and looking off to the side with a neutral expression. She has long hair and is wearing a light-colored <b>top</b>.;;In the background, there is another <b>person</b> walking up a set of <b>stairs</b>. This individual appears to be wearing dark clothing and is turned away from the camera. The environment looks like an indoor public space with a modern design that features a <b>wooden ceiling</b>. The lighting in the space is bright and even.;;<br><b>Objects:</b>;<br><b>Young man</b>;<br><b>Hoodie</b>;<br><b>Young woman</b>;<br><b>Top</b>;<br><b>Person</b>;<br><b>Stairs</b>;<br><b>Wooden ceiling</b>
2023-11-28 15:36:11.449430,The image shows a <b>person</b> in the foreground with a notably large <b>hat</b> that seems quite wide and fluffy, almost like an exaggerated fur hat. This individual is wearing a <b>black hoodie</b> and has a neutral expression on their face. Behind this person, slightly out of focus, is another <b>person</b> looking towards the camera with a slightly surprised or quizzical expression. In the background, there is a <b>staircase</b> with wooden and metal elements, and what appears to be a part of an indoor setting with a <b>wooden ceiling</b>. The lighting is bright and even, common in indoor environments.;;<br><b>Objects:</b>;<br><b>Person</b>;<br><b>Hat</b>;<br><b>Black hoodie</b>;<br><b>Person</b>;<br><b>Staircase</b>;<br><b>Wooden ceiling</b>
2023-11-28 15:36:42.274356,The image depicts an indoor setting with several <b>people</b> seated at what appears to be a workspace or office environment. The individuals are engaged in various activities, likely work-related. In the foreground, there's a person facing towards the camera, visible from the back. The space has a modern look with an open layout. You can see rows of desks with computers and task chairs, suggesting this might be a co-working space or a tech office. The ceiling is fitted with distinctive <b>wooden slats</b> and integrated <b>lighting</b>, contributing to a contemporary ambiance. Large windows can be seen in the background allowing natural light to enter, and this, along with the wooden features, creates a warm atmosphere. The blurred nature of the image indicates it might have been taken casually or in motion.;;<br><b>Objects:</b>;<br><b>People</b>;<br><b>Computers</b>;<br><b>Desks</b>;<br><b>Task chairs</b>;<br><b>Wooden slats (on the ceiling)</b>;<br><b>Lighting</b>;<br><b>Windows</b>
2023-11-28 15:36:50.610097,The image shows a <b>young man</b> in the foreground, off-center to the right with a slight inclination towards the camera. He has <b>dark hair</b> that reaches his eyelids, giving him a shaggy look. In the background, slightly out of focus, there's a <b>woman</b> who appears to be sitting down, partly obscured by the young man. The environment suggests a spacious room with an <b>industrial style</b>, characterized by a <b>wooden slatted ceiling</b> and visible <b>metal beams</b>. The space appears to be well-lit by <b>artificial lighting</b>.;;<br><b>Objects:</b>;<br><b>Young man</b>;<br><b>Dark hair</b>;<br><b>Woman</b>;<br><b>Wooden slatted ceiling</b>;<br><b>Metal beams</b>;<br><b>Artificial lighting</b>
2023-11-28 15:37:15.459966,The image shows two individuals who appear to be in a modern indoor setting, likely a public or institutional building such as a library or university. The person in the foreground is shown from the chest up, smiling and touching their chin with their hand. This person has short, dark hair and is wearing eyeglasses and a <b>t-shirt</b> with some graphic design on it. The individual appears to be engaged or listening to something out of the frame.;;Behind and to the right of the first individual, partially obscured, is another person. This second individual appears focused on something outside of the image frame, possibly a computer screen, given that the top of a <b>laptop</b> is visible in front of them.;;The setting features modern architectural elements such as a <b>wooden ceiling</b> with linear patterns, a <b>glass</b> barrier to the right which could be part of a staircase or balcony, and there appears to be a <b>metal railing</b> behind them, supporting the idea of a multi-level building. The interior is well-lit, suggesting the picture is taken during daytime or in a well-lit indoor area.;;<br><b>Objects:</b>;<br><b>Person in foreground with eyeglasses</b>;<br><b>Person in background</b>;<br><b>Laptop</b>;<br><b>Wooden ceiling</b>;<br><b>Glass barrier</b
2023-11-28 15:37:32.772781,The image shows two individuals sitting at what appears to be a table in a room with modern design elements. In the foreground, there is a <b>person</b> smiling at the camera, with their head propped up by their hand. This individual has <b>glasses</b> and short <b>hair</b>. They are wearing a <b>t-shirt</b>. Behind them, slightly out of focus, is another <b>person</b> who appears engaged with a <b>laptop</b>. The room has wooden <b>paneling</b> on the ceiling that flows in a wavy pattern, which adds a dynamic element to the space. There are also strip <b>lights</b> embedded within these panels, contributing to the modern ambiance. In the background, there is a <b>window</b> with blinds, partially letting in natural <b>light</b>. The overall setting suggests a public space, likely a library or a co-working area, conducive to work or study.;;<br><b>Objects:</b>;<br><b>Person</b>;<br><b>Glasses</b>;<br><b>Hair</b>;<br><b>T-shirt</b>;<br><b>Person</b>;<br><b>Laptop</b>;<br><b>Paneling</b>;<br><b>Lights</b>;<br><b>Window</b>;<br><b>
2023-11-28 15:37:51.257071,The image shows a <b>person</b> sitting at a <b>table</b>, likely in a public or communal area such as a library or study hall. Another <b>person</b> is visible in the background, partially obscured by the foreground subject. The individual in the foreground is wearing <b>glasses</b> and has a <b>smiling</b> expression. They have <b>short hair</b> and are wearing a <b>T-shirt</b>. On the table in front of them is what appears to be a <b>laptop</b>, suggesting they might be working or studying. The background features a <b>wooden ceiling design</b> with integrated <b>lighting</b>. It seems like a modern and well-lit space.;;<br><b>Objects:</b>;<br><b>Person</b>;<br><b>Table</b>;<br><b>Glasses</b>;<br><b>Short hair</b>;<br><b>T-shirt</b>;<br><b>Laptop</b>;<br><b>Wooden ceiling design</b>;<br><b>Lighting</b>
2023-11-28 15:38:11.067685,The image shows three individuals, possibly colleagues or students, gathered around a desk. The person on the left side of the image is partially cropped out, and only a portion of their face is visible. They appear to have <b>short hair</b>. The person in the middle is a <b>young woman</b> with <b>long hair</b>, looking at the camera and smiling. The person on the right is partially cut out of the frame, with only a part of their <b>face</b> and <b>hair</b> visible. In front of them are what seem to be <b>laptop</b> computers. They are sitting in a space with a modern design, indicated by the linear wooden <b>slats</b> overhead, which could be part of a suspended ceiling design or a decorative element. The lighting seems natural, coming from windows or well-designed interior lighting, creating a bright and welcoming environment.;;<br><b>Objects:</b>;<br><b>People</b>;<br><b>Laptops</b>;<br><b>Wooden slats (ceiling or wall structure)</b>
2023-11-28 15:38:40.754552,The image shows a <b>person</b> who is smiling and sitting indoors. The individual is holding their <b>chin</b> with one hand and appears to be engaged in a conversation or reacting to something amusing. They are wearing <b>glasses</b> and a <b>t-shirt</b>. Another person is partially visible on the right edge of the image, but only the back of their <b>head</b> and some of their <b>hair</b> can be seen. The environment features modern architectural elements such as a <b>wooden slatted ceiling</b> and a cylindrical <b>metal staircase</b> in the background with <b>glass</b> railings. There are also reflections on the glass surface that suggest a spacious and well-lit interior setting.;;<br><b>Objects:</b>;<br>• <b>Person</b>;<br>• <b>Chin</b>;<br>• <b>Glasses</b>;<br>• <b>T-shirt</b>;<br>• <b>Head</b> (partially visible);<br>• <b>Hair</b> (partially visible);<br>• <b>Wooden slatted ceiling</b>;<br>• <b>Metal staircase</b>;<br>• <b>Glass</b> railings
